team_id,team,club,primary_league,grade,division,matches,rr_matches,ppg,gf_per_match,ga_per_match,gd_per_match,ladder_pos,ladder_teams,players_used,borrowed_in_apps,borrowed_in_players,gf,ga,avg_possession_pct,team_xg_per_match,team_xga_per_match,team_xgd_per_match
pmvzBWaRmv,MetroStars Men's Reserves NPL,MetroStars,RAA NPL Reserves,RES,NPL,25,22,2.59,3.45,0.95,2.5,1,12,35,103,20,83,23,,,,
am1qakEnmw,Campbelltown City Men's Reserves NPL,Campbelltown City,RAA NPL Reserves,RES,NPL,25,22,2.45,3.36,1.05,2.32,2,12,28,134,17,80,28,,,,
jdyeg5jPd5,Adelaide United Men's Reserves NPL,Adelaide United,RAA NPL Reserves,RES,NPL,25,22,1.68,3.45,2.23,1.23,3,12,42,55,7,83,56,,,,
PmrkxwMENo,WT Birkalla Men's Reserves NPL,WT Birkalla,RAA NPL Reserves,RES,NPL,23,22,1.68,2.91,2.14,0.77,4,12,33,142,21,65,48,,,,
2Kpv3rLWmY,Sturt Lions Men's Reserves NPL,Sturt Lions,RAA NPL Reserves,RES,NPL,25,22,1.64,2.73,2.05,0.68,5,12,35,160,26,62,50,,,,
PmjnVwM5mZ,Para Hills Knights Men's Reserves NPL,Para Hills Knights,RAA NPL Reserves,RES,NPL,23,22,1.5,1.86,1.77,0.09,6,12,42,123,29,43,44,,,,
MNGoqaALNA,Croydon FC Men's Reserves NPL,Croydon FC,RAA NPL Reserves,RES,NPL,22,22,1.41,1.55,1.68,-0.14,7,12,35,141,21,34,37,,,,
bd9Xa4gZK4,Adelaide Comets Men's Reserves NPL,Adelaide Comets,RAA NPL Reserves,RES,NPL,22,22,1.36,2.59,2.27,0.32,8,12,31,59,16,57,50,,,,
ld4OaGMOKW,Adelaide City Men's Reserves NPL,Adelaide City,RAA NPL Reserves,RES,NPL,22,22,0.91,1.95,2.55,-0.59,9,12,40,162,25,43,56,,,,
MNGoq5rLNA,West Adelaide Men's Reserves NPL,West Adelaide,RAA NPL Reserves,RES,NPL,22,22,0.91,0.95,3.05,-2.09,10,12,41,135,28,21,67,,,,
ld4OaGL0KW,FK Beograd Men's Reserves NPL,FK Beograd,RAA NPL Reserves,RES,NPL,22,22,0.77,1.32,2.95,-1.64,11,12,35,141,21,29,65,,,,
emA12xV1mB,Playford City Men's Reserves NPL,Playford City,RAA NPL Reserves,RES,NPL,22,22,0.45,1.27,4.73,-3.45,12,12,38,192,27,28,104,,,,
1K3YaO1RmQ,Adelaide City Senior Men's NPL,Adelaide City,RAA NPL,SEN,NPL,25,22,2.18,2.0,0.73,1.27,1,12,25,1,1,54,19,47.5,1.78,1.06,0.72
MNGoqa6QNA,WT Birkalla Senior Men's NPL,WT Birkalla,RAA NPL,SEN,NPL,25,22,2.14,2.5,1.23,1.27,2,12,21,1,1,61,31,51.7,2.08,1.2,0.88
EN2OalerKq,MetroStars Senior Men's NPL,MetroStars,RAA NPL,SEN,NPL,25,22,2.0,2.41,1.05,1.36,3,12,25,6,1,57,27,59.7,2.33,1.15,1.18
am1qak1Xmw,Playford City Senior Men's NPL,Playford City,RAA NPL,SEN,NPL,25,22,1.59,1.91,1.41,0.5,4,12,23,1,1,46,39,45.6,2.25,1.23,1.02
BdD1qgVxmb,FK Beograd Senior Men's NPL,FK Beograd,RAA NPL,SEN,NPL,23,22,1.5,1.59,1.36,0.23,5,12,21,5,3,35,33,50.7,1.55,1.3,0.25
Pmrkxw1ANo,Croydon FC Senior Men's NPL,Croydon FC,RAA NPL,SEN,NPL,23,22,1.36,2.09,1.86,0.23,6,12,19,10,1,46,43,49.0,2.02,1.93,0.09
PmjnVw1jmZ,Adelaide United Senior Men's NPL,Adelaide United,RAA NPL,SEN,NPL,22,22,1.32,1.5,1.45,0.05,7,12,40,13,4,33,32,58.2,1.58,1.44,0.14
emA12xB9mB,Campbelltown City Senior Men's NPL,Campbelltown City,RAA NPL,SEN,NPL,22,22,1.32,1.59,1.64,-0.05,8,12,25,3,3,35,36,49.8,1.35,1.85,-0.5
jmaVQk9qNR,Sturt Lions Senior Men's NPL,Sturt Lions,RAA NPL,SEN,NPL,22,22,1.23,1.59,1.64,-0.05,9,12,27,6,3,35,36,50.5,1.65,1.29,0.36
pmvzBJnRmv,West Adelaide Senior Men's NPL,West Adelaide,RAA NPL,SEN,NPL,22,22,1.14,1.82,2.0,-0.18,10,12,24,0,0,40,44,51.5,1.23,2.26,-1.03
nmYyq1Bbmz,Adelaide Comets Senior Men's NPL,Adelaide Comets,RAA NPL,SEN,NPL,22,22,0.91,1.14,1.73,-0.59,11,12,28,16,4,25,38,45.2,1.18,1.54,-0.36
8NODqewzKZ,Para Hills Knights Senior Men's NPL,Para Hills Knights,RAA NPL,SEN,NPL,22,22,0.05,0.64,4.68,-4.05,12,12,40,42,10,14,103,40.0,0.76,3.52,-2.76
4KLnqa7pmq,Campbelltown City Under 18's NPL,Campbelltown City,RAA NPL Under 18's,U18,NPL,25,22,2.59,3.86,0.95,2.91,1,12,30,62,13,95,26,,,,
MNGoqa7zNA,MetroStars Under 18's NPL,MetroStars,RAA NPL Under 18's,U18,NPL,25,22,2.36,3.82,0.95,2.86,2,12,28,57,9,90,29,,,,
BdD1qg74mb,FK Beograd Under 18's NPL,FK Beograd,RAA NPL Under 18's,U18,NPL,25,22,1.91,2.59,1.86,0.73,3,12,33,122,16,60,44,,,,
Ome0kvMPd0,Adelaide City Under 18's NPL,Adelaide City,RAA NPL Under 18's,U18,NPL,25,22,1.77,2.36,2.0,0.36,4,12,30,59,13,56,48,,,,
2Kpv3wBPmY,Football SA State Squads Under 18's NPL,Football SA State Squads,RAA NPL Under 18's,U18,NPL,23,22,1.55,3.14,2.45,0.68,5,12,32,3,3,69,56,,,,
pN6OaQeQK0,Croydon FC Under 18's NPL,Croydon FC,RAA NPL Under 18's,U18,NPL,23,22,1.5,2.05,2.05,0.0,6,12,27,61,8,45,46,,,,
jdyeg5Qbd5,WT Birkalla Under 18's NPL,WT Birkalla,RAA NPL Under 18's,U18,NPL,22,22,1.36,2.73,2.14,0.59,7,12,30,54,13,60,47,,,,
EN2OalxEKq,Adelaide Comets Under 18's NPL,Adelaide Comets,RAA NPL Under 18's,U18,NPL,22,22,1.32,2.32,2.32,0.0,8,12,39,56,19,51,51,,,,
jdyegGbEd5,Sturt Lions Under 18's,Sturt Lions,RAA NPL Under 18's,U18,NPL,22,22,0.95,2.41,3.55,-1.14,9,12,24,107,10,53,78,,,,
1K3YaOeqmQ,Playford City Under 18's NPL,Playford City,RAA NPL Under 18's,U18,NPL,22,22,0.59,1.64,3.64,-2.0,10,12,37,152,22,36,80,,,,
bd9Xa4xJK4,Para Hills Knights Under 18's NPL,Para Hills Knights,RAA NPL Under 18's,U18,NPL,22,22,0.59,1.09,3.45,-2.36,11,12,27,61,11,24,76,,,,
MNGoq52zNA,West Adelaide Under 18's,West Adelaide,RAA NPL Under 18's,U18,NPL,22,22,0.5,1.23,3.86,-2.64,12,12,34,46,16,27,85,,,,
emA1DqAgmB,Stirling Districts All Age Men (Sat) Division Three Reserves,Stirling Districts,Saturday Division Three Reserves Blue,RES,SAASL,18,18,2.67,4.17,0.61,3.56,1,7,41,102,22,75,11,,,,
jdyexW3Ed5,The Cove FC All Age Men (Sat) Division Three Reserves,The Cove FC,Saturday Division Three Reserves Blue,RES,SAASL,18,18,2.11,4.39,1.33,3.06,2,7,39,86,23,79,24,,,,
pmvzZZb6mv,Adelaide Blue Eagles Amateurs All Age Men (Sat) Division Three Reserves,Adelaide Blue Eagles Amateurs,Saturday Division Three Reserves Blue,RES,SAASL,18,18,1.94,2.39,1.67,0.72,3,7,33,58,11,43,30,,,,
lNb38y76Kx,Strathalbyn Strikers FC All Age Men (Sat) Division Three Reserves,Strathalbyn Strikers FC,Saturday Division Three Reserves Blue,RES,SAASL,18,18,1.06,1.17,2.94,-1.78,4,7,45,170,28,21,53,,,,
jmaV17g7NR,Murray Bridge United SC All Age Men (Sat) Division Three Reserves,Murray Bridge United SC,Saturday Division Three Reserves Blue,RES,SAASL,18,18,0.89,2.06,3.5,-1.44,5,7,40,15,6,37,63,,,,
2KpvX4OqmY,Brothers United Football Club All Age Men (Sat) Division Three Reserves,Brothers United Football Club,Saturday Division Three Reserves Blue,RES,SAASL,18,18,0.83,1.39,3.39,-2.0,6,7,31,84,13,25,61,,,,
ld4OgxZOKW,F.C Summit All Age Men (Sat) Division Three Reserves,F.C Summit,Saturday Division Three Reserves Blue,RES,SAASL,18,18,0.61,1.5,3.61,-2.11,7,7,38,123,24,27,65,,,,
MNGolVpzNA,FIZI FC All Age Men (Sat) Division Three Reserves,FIZI FC,Saturday Division Three Reserves Red,RES,SAASL,18,18,2.44,3.78,1.11,2.67,1,7,29,61,12,68,20,,,,
Pmrk90kLNo,Northern Wolves Soccer Club All Age Men (Sat) Division Three Reserves,Northern Wolves Soccer Club,Saturday Division Three Reserves Red,RES,SAASL,18,18,2.28,4.39,1.78,2.61,2,7,30,97,13,79,32,,,,
4KLn99O7mq,One Tree Hill Soccer Club All Age Men (Sat) Division Three Reserves,One Tree Hill Soccer Club,Saturday Division Three Reserves Red,RES,SAASL,18,18,1.61,3.11,2.17,0.94,3,7,36,48,13,56,39,,,,
4KLn9ZzGmq,Salisbury Downs Soccer Club All Age Men (Sat) Division Three Reserves,Salisbury Downs Soccer Club,Saturday Division Three Reserves Red,RES,SAASL,18,18,1.5,2.5,1.94,0.56,4,7,40,14,6,45,35,,,,
8NOD0xXWKZ,ADFC All Age Men (Sat) Division Three Reserves,ADFC,Saturday Division Three Reserves Red,RES,SAASL,18,18,0.94,1.83,4.28,-2.44,5,7,32,47,9,33,77,,,,
Pmjnvln3mZ,Adelaide Dragon Sporting Club All Age Men (Sat) Division Three Reserves,Adelaide Dragon Sporting Club,Saturday Division Three Reserves Red,RES,SAASL,18,18,0.89,1.78,3.56,-1.78,6,7,29,4,2,32,64,,,,
lNb38ElgKx,BIH United All Age Men (Sat) Division Three Reserves,BIH United,Saturday Division Three Reserves Red,RES,SAASL,18,18,0.44,1.72,4.28,-2.56,7,7,32,31,8,31,77,,,,
MNGolDABNA,Adelaide University Soccer Club All Age Men (Sat) Division Two Reserves,Adelaide University Soccer Club,Saturday Division Two Reserves,RES,SAASL,17,17,2.29,4.18,1.18,3.0,1,10,37,54,15,71,20,,,,
jdyexWqEd5,Adelaide Brasfoot All Age Men (Sat) Division Two Reserves,Adelaide Brasfoot,Saturday Division Two Reserves,RES,SAASL,16,16,2.25,3.0,1.19,1.81,2,10,45,124,31,48,19,,,,
MNGollgLNA,Adelaide Red Blue Eagles Football Club All Age Men (Sat) Division Two Reserves,Adelaide Red Blue Eagles Football Club,Saturday Division Two Reserves,RES,SAASL,17,17,1.76,2.12,1.65,0.47,3,10,38,88,14,36,28,,,,
4KLn9k8gmq,Grange SC All Age Men (Sat) Division Two Reserves,Grange SC,Saturday Division Two Reserves,RES,SAASL,17,17,1.71,3.12,2.06,1.06,4,10,37,111,23,53,35,,,,
PmjnvvBBmZ,Gleeson Football Club All Age Men (Sat) Division Two Reserves,Gleeson Football Club,Saturday Division Two Reserves,RES,SAASL,17,17,1.47,2.0,1.76,0.24,5,10,47,60,21,34,30,,,,
pmvzZxz5mv,Salisbury Sharks United All Age Men (Sat) Division Two Reserves,Salisbury Sharks United,Saturday Division Two Reserves,RES,SAASL,17,17,1.41,2.41,2.12,0.29,6,10,37,100,14,41,36,,,,
2KpvXXnWmY,Monarchs Sports Club All Age Men (Sat) Division Two Reserves,Monarchs Sports Club,Saturday Division Two Reserves,RES,SAASL,16,16,1.25,1.38,1.31,0.06,7,10,40,82,17,22,21,,,,
am1qBZLXmw,Southern Breakers All Age Men (Sat) Division Two Reserves,Southern Breakers,Saturday Division Two Reserves,RES,SAASL,17,17,1.06,1.12,3.06,-1.94,8,10,35,28,10,19,52,,,,
1K3YAAp9mQ,Angle Vale All Age Men (Sat) Division Two Reserves,Angle Vale,Saturday Division Two Reserves,RES,SAASL,17,17,0.35,1.12,3.0,-1.88,9,10,35,93,16,19,51,,,,
gdMveeAOmE,Salisbury Villa Soccer Club All Age Men (Sat) Division Two Reserves,Salisbury Villa Soccer Club,Saturday Division Two Reserves,RES,SAASL,7,7,0.0,0.43,7.71,-7.29,10,10,19,23,8,3,54,,,,
bd9W4e5lN4,Greenacres United All Age Men (Sun) Division Three Reserves,Greenacres United,Sunday Division Three Reserves,RES,SAASL,16,16,3.0,4.75,0.81,3.94,1,5,33,50,13,76,13,,,,
Pmrk90YrNo,Westwood Football Club All Age Men (Sun) Division Three Reserves,Westwood Football Club,Sunday Division Three Reserves,RES,SAASL,16,16,1.38,2.12,2.69,-0.56,2,5,37,60,17,34,43,,,,
bd9XPrY8K4,Macedonia United Lions Socer Club All Age Men (Sun) Division Three Reserves,Macedonia United Lions Socer Club,Sunday Division Three Reserves,RES,SAASL,16,16,1.12,3.0,3.62,-0.62,3,5,34,67,12,48,58,,,,
BdD1vo04mb,Andrews Farm Soccer & Community Club All Age Men (Sun) Division Three Reserves,Andrews Farm Soccer & Community Club,Sunday Division Three Reserves,RES,SAASL,16,16,1.06,2.12,2.88,-0.75,4,5,33,45,14,34,46,,,,
nmYyAbl3mz,Elizabeth Downs Soccer Club All Age Men (Sun) Division Three Reserves,Elizabeth Downs Soccer Club,Sunday Division Three Reserves,RES,SAASL,16,16,0.75,1.69,3.69,-2.0,5,5,28,24,6,27,59,,,,
pmvzZVj6mv,Southern Knights Football Club All Age Men (Sun) Division Two Reserves,Southern Knights Football Club,Sunday Division Two Reserves,RES,SAASL,18,18,2.28,3.94,2.06,1.89,1,10,34,40,10,71,37,,,,
8NOD0xR2KZ,Seaford Rangers All Age Men (Sun) Division Two Reserves,Seaford Rangers,Sunday Division Two Reserves,RES,SAASL,18,18,2.17,2.89,1.06,1.83,2,10,31,82,17,52,19,,,,
jdyexRG3d5,Salisbury Inter Soccer Club All Age Men (Sun) Division Two Reserves,Salisbury Inter Soccer Club,Sunday Division Two Reserves,RES,SAASL,18,18,2.11,3.0,1.11,1.89,3,10,42,66,22,54,20,,,,
MNGolDyQNA,Elizabeth Vale Soccer Club All Age Men (Sun) Division Two Reserves,Elizabeth Vale Soccer Club,Sunday Division Two Reserves,RES,SAASL,18,18,1.83,2.94,1.94,1.0,4,10,40,119,21,53,35,,,,
ld4OgEleKW,Adelaide Eagles Soccer Club All Age Men (Sun) Division Two Reserves,Adelaide Eagles Soccer Club,Sunday Division Two Reserves,RES,SAASL,18,18,1.44,2.72,2.78,-0.06,5,10,39,95,20,49,50,,,,
ld4OgPvAKW,Parafield Gardens Soccer Club All Age Men (Sun) Division Two Reserves,Parafield Gardens Soccer Club,Sunday Division Two Reserves,RES,SAASL,18,18,1.33,1.78,2.17,-0.39,6,10,39,90,18,32,39,,,,
MNGolV9BNA,Athelstone Soccer Club All Age Men (Sun) Division Two Reserves,Athelstone Soccer Club,Sunday Division Two Reserves,RES,SAASL,18,18,1.11,1.89,2.5,-0.61,7,10,37,65,15,34,45,,,,
Pmrk90WENo,Munno Para All Age Men (Sun) Division Two Reserves,Munno Para,Sunday Division Two Reserves,RES,SAASL,18,18,0.78,1.89,3.0,-1.11,8,10,48,111,27,34,54,,,,
2KpvX4wWmY,Adelaide Khukuri All Age Men (Sun) Division Two Reserves,Adelaide Khukuri,Sunday Division Two Reserves,RES,SAASL,18,18,0.78,1.28,3.89,-2.61,9,10,43,121,21,23,70,,,,
Ome0a1v7d0,AC Unito Adelaide All Age Men (Sun) Division Two Reserves,AC Unito Adelaide,Sunday Division Two Reserves,RES,SAASL,18,18,0.5,1.39,3.22,-1.83,10,10,39,26,10,25,58,,,,
ld44MyvpdW,Western Strikers Over 35's Over 35's,Western Strikers,Guardian Insurance Over 35's Blue,SEN,SAASL,18,18,2.72,5.06,0.89,4.17,1,10,21,0,0,91,16,,,,
bd9XPr4lK4,Ingle Farm Over 35's Over 35's,Ingle Farm,Guardian Insurance Over 35's Blue,SEN,SAASL,18,18,2.33,5.5,1.67,3.83,2,10,25,18,4,99,30,,,,
2KpvXe6qmY,Adelaide Brasfoot Over 35's Over 35's,Adelaide Brasfoot,Guardian Insurance Over 35's Blue,SEN,SAASL,18,18,2.22,3.5,0.94,2.56,3,10,28,6,4,63,17,,,,
8NOD0xe7KZ,Modbury Jets AFC Over 35's Over 35's,Modbury Jets AFC,Guardian Insurance Over 35's Blue,SEN,SAASL,18,18,1.83,4.28,2.17,2.11,4,10,29,37,6,77,39,,,,
jdyexWGLd5,BOSA Over 35's Over 35's,BOSA,Guardian Insurance Over 35's Blue,SEN,SAASL,18,18,1.72,3.56,2.28,1.28,5,10,24,2,2,64,41,,,,
jmaV1aZMNR,Salisbury Inter Soccer Club Over 35's Over 35's 1,Salisbury Inter Soccer Club,Guardian Insurance Over 35's Blue,SEN,SAASL,18,18,1.28,1.94,2.11,-0.17,6,10,38,29,16,35,38,,,,
Ome0aQ2vd0,Tea Tree Gully Over 35's Over 35's 1,Tea Tree Gully,Guardian Insurance Over 35's Blue,SEN,SAASL,18,18,0.94,2.72,3.17,-0.44,7,10,37,36,11,49,57,,,,
nmYyA6wxmz,Old Ignatians Soccer Club Over 35's Over 35's,Old Ignatians Soccer Club,Guardian Insurance Over 35's Blue,SEN,SAASL,18,18,0.94,2.22,4.06,-1.83,8,10,30,96,14,40,73,,,,
MNGolVXENA,West Beach Football Club Over 35's Over 35's,West Beach Football Club,Guardian Insurance Over 35's Blue,SEN,SAASL,18,18,0.72,2.83,4.0,-1.17,9,10,32,7,4,51,72,,,,
am1QM1Xqmw,Gawler Eagles Over 35's Over 35's,Gawler Eagles,Guardian Insurance Over 35's Blue,SEN,SAASL,18,18,0.0,0.56,10.89,-10.33,10,10,20,0,0,10,196,,,,
ld4OgP6eKW,Munno Para Over 35's Over 35's,Munno Para,Guardian Insurance Over 35's Red,SEN,SAASL,14,14,2.57,4.64,1.21,3.43,1,8,24,18,3,65,17,,,,
jmaBDBRqNR,Salisbury Inter Soccer Club Over 35's Over 35's 2,Salisbury Inter Soccer Club,Guardian Insurance Over 35's Red,SEN,SAASL,14,14,2.5,3.0,1.14,1.86,2,8,28,37,7,42,16,,,,
8NOD0xGBKZ,Pitbulls Football Club Over 35's Over 35's,Pitbulls Football Club,Guardian Insurance Over 35's Red,SEN,SAASL,14,14,1.36,2.57,2.57,0.0,3,8,17,1,1,36,36,,,,
WdgplpLpmR,Tea Tree Gully Over 35's Over 35's 2,Tea Tree Gully,Guardian Insurance Over 35's Red,SEN,SAASL,14,14,1.29,2.71,2.29,0.43,4,8,23,14,7,38,32,,,,
yKJbMb1AKY,Greenacres United Over 35's Over 35's,Greenacres United,Guardian Insurance Over 35's Red,SEN,SAASL,14,14,1.21,2.36,2.86,-0.5,5,8,23,44,5,33,40,,,,
pN6Oy1g2K0,Para Hills West Soccer Club Over 35's Over 35's,Para Hills West Soccer Club,Guardian Insurance Over 35's Red,SEN,SAASL,14,14,1.21,2.29,2.79,-0.5,6,8,26,6,4,32,39,,,,
MNGogMxBNA,Gleeson Football Club Over 35's Over 35's,Gleeson Football Club,Guardian Insurance Over 35's Red,SEN,SAASL,14,14,0.93,1.79,3.29,-1.5,7,8,32,2,2,25,46,,,,
lNbjQj1pNx,Andrews Farm Soccer & Community Club Over 35's Over 35's,Andrews Farm Soccer & Community Club,Guardian Insurance Over 35's Red,SEN,SAASL,14,14,0.5,1.14,4.36,-3.21,8,8,22,19,3,16,61,,,,
EN2OLGZrKq,The Cove FC All Age Men (Sat) Division Eight,The Cove FC,Saturday Division Eight,SEN,SAASL,21,21,2.86,4.24,0.57,3.67,1,8,36,39,16,89,12,,,,
emA1zqpQmB,Aldinga Soccer Club All Age Men (Sat) Division Eight,Aldinga Soccer Club,Saturday Division Eight,SEN,SAASL,21,21,2.33,4.48,1.05,3.43,2,8,24,0,0,94,22,,,,
emAeJeEbmB,Stirling Districts All Age Men (Sat) Division Eight 1,Stirling Districts,Saturday Division Eight,SEN,SAASL,21,21,2.0,3.38,1.48,1.9,3,8,49,112,32,71,31,,,,
Pmrke4M5No,Stirling Districts All Age Men (Sat) Division Eight 2,Stirling Districts,Saturday Division Eight,SEN,SAASL,21,21,1.76,2.71,2.29,0.43,4,8,45,95,25,57,48,,,,
nmYZ09MzNz,Bridgewater SC All Age Men (Sat) Division Eight,Bridgewater SC,Saturday Division Eight,SEN,SAASL,21,21,1.14,2.14,2.76,-0.62,5,8,26,0,0,45,58,,,,
nmYyA6bYmz,F.C Summit All Age Men (Sat) Division Eight,F.C Summit,Saturday Division Eight,SEN,SAASL,21,21,0.67,1.57,3.62,-2.05,6,8,33,100,17,33,76,,,,
ZNQxlxwGmx,Blackwood Forest All Age Men (Sat) Division Eight,Blackwood Forest,Saturday Division Eight,SEN,SAASL,21,21,0.67,1.67,4.9,-3.24,7,8,22,0,0,35,103,,,,
lNb38O0DKx,Strathalbyn Strikers FC All Age Men (Sat) Division Eight,Strathalbyn Strikers FC,Saturday Division Eight,SEN,SAASL,21,21,0.24,0.62,4.14,-3.52,8,8,45,74,19,13,87,,,,
am1qBy5Wmw,Messinian Association Hawks All Age Men (Sat) Division Seven,Messinian Association Hawks,Saturday Division Seven,SEN,SAASL,21,21,2.52,4.33,0.9,3.43,1,8,31,26,12,91,19,,,,
PmjnpAL3mZ,BOSA All Age Men (Sat) Division Seven,BOSA,Saturday Division Seven,SEN,SAASL,21,21,2.0,3.05,1.62,1.43,2,8,38,26,16,64,34,,,,
AN0D4xxzN6,Sturt Marion Thunder Soccer Club All Age Men (Sat) Division Seven,Sturt Marion Thunder Soccer Club,Saturday Division Seven,SEN,SAASL,21,21,1.81,2.71,1.67,1.05,3,8,39,45,16,57,35,,,,
4KLz17EGmq,Modbury Jets AFC All Age Men (Sat) Division Seven,Modbury Jets AFC,Saturday Division Seven,SEN,SAASL,21,21,1.76,2.43,1.19,1.24,4,8,39,160,24,51,25,,,,
pmvzZY7Rmv,Barossa United All Age Men (Sat) Division Seven,Barossa United,Saturday Division Seven,SEN,SAASL,21,21,1.24,2.33,3.43,-1.1,5,8,25,0,0,49,72,,,,
vmZwgExlNq,Old Ignatians Soccer Club All Age Men (Sat) Division Seven,Old Ignatians Soccer Club,Saturday Division Seven,SEN,SAASL,21,21,1.05,1.86,2.62,-0.76,6,8,41,70,22,39,55,,,,
pmvzZx9omv,Pitbulls Football Club All Age Men (Sat) Division Seven,Pitbulls Football Club,Saturday Division Seven,SEN,SAASL,21,21,0.43,1.14,3.57,-2.43,7,8,47,74,23,24,75,,,,
jdyexWa3d5,Adelaide Atletico All Age Men (Sun) Division Seven,Adelaide Atletico,Saturday Division Seven,SEN,SAASL,21,21,0.33,0.52,3.38,-2.86,8,8,23,0,0,11,71,,,,
Ome0aPQPd0,Monarchs Sports Club All Age Men (Sat) Division Six,Monarchs Sports Club,Saturday Division Six,SEN,SAASL,18,18,2.5,3.89,1.61,2.28,1,10,43,90,19,70,29,,,,
gdMve3eDmE,St Augustines Soccer Club All Age Men (Sat) Division Six,St Augustines Soccer Club,Saturday Division Six,SEN,SAASL,18,18,2.44,4.61,0.94,3.67,2,10,19,0,0,83,17,,,,
pmvzZYj6mv,Adelaide Brasfoot All Age Men (Sat) Division Six,Adelaide Brasfoot,Saturday Division Six,SEN,SAASL,18,18,2.28,3.28,1.56,1.72,3,10,42,81,25,59,28,,,,
emA1zM41mB,Gleeson Football Club All Age Men (Sat) Division Six,Gleeson Football Club,Saturday Division Six,SEN,SAASL,18,18,1.89,2.5,1.44,1.06,4,10,44,43,15,45,26,,,,
gdMve3kBmE,Elizabeth Grove ,Elizabeth Grove,Saturday Division Six,SEN,SAASL,18,18,1.61,3.28,2.5,0.78,5,10,21,0,0,59,45,,,,
vmZwgEgLNq,Salisbury Sharks United All Age Men (Sat) Division Six,Salisbury Sharks United,Saturday Division Six,SEN,SAASL,18,18,1.22,2.11,2.33,-0.22,6,10,42,93,19,38,42,,,,
ld446alBdW,Adelaide Red Blue Eagles Football Club All Age Men (Sat) Division Six,Adelaide Red Blue Eagles Football Club,Saturday Division Six,SEN,SAASL,18,18,0.72,1.11,3.78,-2.67,7,10,41,25,10,20,68,,,,
BdD1vOogmb,Old Ignatians Soccer Club All Age Men (Sat) Division Six,Old Ignatians Soccer Club,Saturday Division Six,SEN,SAASL,18,18,0.67,1.5,4.89,-3.39,8,10,38,43,18,27,88,,,,
nmYykb8rmz,Adelaide University Soccer Club All Age Men (Sat) Division Six,Adelaide University Soccer Club,Saturday Division Six,SEN,SAASL,18,18,0.56,1.61,2.56,-0.94,9,10,30,5,3,29,46,,,,
8NOD0Y7bKZ,Grange SC All Age Men (Sat) Division Six,Grange SC,Saturday Division Six,SEN,SAASL,18,18,0.56,0.89,3.17,-2.28,10,10,33,19,7,16,57,,,,
emA1z4VMmB,The Cove FC All Age Men (Sat) Division Three,The Cove FC,Saturday Division Three Blue,SEN,SAASL,18,18,2.06,3.67,1.28,2.39,1,7,32,33,10,66,23,,,,
PmjnpqEQmZ,Stirling Districts All Age Men (Sat) Division Three,Stirling Districts,Saturday Division Three Blue,SEN,SAASL,19,18,1.89,2.06,1.06,1.0,2,7,31,82,13,38,21,,,,
PmjnvrgZmZ,F.C Summit All Age Men (Sat) Division Three,F.C Summit,Saturday Division Three Blue,SEN,SAASL,18,18,1.5,2.78,2.28,0.5,3,7,26,103,14,50,41,,,,
BdD1vvbJmb,Adelaide Blue Eagles Amateurs All Age Men (Sat) Division Three,Adelaide Blue Eagles Amateurs,Saturday Division Three Blue,SEN,SAASL,18,18,1.61,2.44,2.39,0.06,4,7,36,55,15,44,43,,,,
PmjnvqykmZ,Brothers United Football Club All Age Men (Sat) Division Three,Brothers United Football Club,Saturday Division Three Blue,SEN,SAASL,18,18,1.39,1.89,2.22,-0.33,5,7,33,84,14,34,40,,,,
8NOD0YLnKZ,Murray Bridge United SC All Age Men (Sat) Division Three,Murray Bridge United SC,Saturday Division Three Blue,SEN,SAASL,18,18,0.83,1.78,3.22,-1.44,6,7,28,30,10,32,58,,,,
Pmrk9l6pNo,Strathalbyn Strikers FC All Age Men (Sat) Division Three,Strathalbyn Strikers FC,Saturday Division Three Blue,SEN,SAASL,18,18,0.67,1.56,3.72,-2.17,7,7,39,111,22,28,67,,,,
pN6Oy1PAK0,Northern Wolves Soccer Club All Age Men (Sat) Division Three,Northern Wolves Soccer Club,Saturday Division Three Red,SEN,SAASL,18,18,2.33,3.5,2.0,1.5,1,7,31,59,10,63,36,,,,
Pmrk905VNo,FIZI FC All Age Men (Sat) Division Three,FIZI FC,Saturday Division Three Red,SEN,SAASL,19,18,2.0,2.83,1.39,1.44,2,7,29,59,10,53,26,,,,
gdMveeOxmE,One Tree Hill Soccer Club All Age Men (Sat) Division Three,One Tree Hill Soccer Club,Saturday Division Three Red,SEN,SAASL,18,18,1.39,2.11,2.67,-0.56,3,7,35,92,17,38,48,,,,
lNb38yEwKx,BIH United All Age Men (Sat) Division Three,BIH United,Saturday Division Three Red,SEN,SAASL,17,17,1.29,2.76,2.29,0.47,4,7,38,81,20,47,39,,,,
2KpvXe59mY,ADFC All Age Men (Sat) Division Three,ADFC,Saturday Division Three Red,SEN,SAASL,17,17,1.12,1.94,2.47,-0.53,5,7,26,56,9,33,42,,,,
bd9XPr88K4,Salisbury Downs Soccer Club All Age Men (Sat) Division Three,Salisbury Downs Soccer Club,Saturday Division Three Red,SEN,SAASL,18,18,0.89,1.89,3.11,-1.22,6,7,45,142,27,34,56,,,,
vmZwgWJMNq,Adelaide Dragon Sporting Club All Age Men (Sat) Division Three,Adelaide Dragon Sporting Club,Saturday Division Three Red,SEN,SAASL,18,18,0.83,1.44,2.56,-1.11,7,7,35,14,6,26,46,,,,
PmjnvvpkmZ,Adelaide Brasfoot All Age Men (Sat) Division Two,Adelaide Brasfoot,Sportal Saturday Division Two,SEN,SAASL,18,18,2.56,3.56,0.78,2.78,1,10,35,28,11,64,14,,,,
BdD1vwPwmb,Grange SC All Age Men (Sat) Division Two,Grange SC,Sportal Saturday Division Two,SEN,SAASL,17,17,2.12,2.82,1.41,1.41,2,10,25,72,10,48,24,,,,
vmZwgj7bNq,Adelaide University Soccer Club All Age Men (Sat) Division Two,Adelaide University Soccer Club,Sportal Saturday Division Two,SEN,SAASL,18,18,2.0,2.94,1.89,1.06,3,10,28,18,3,53,34,,,,
8NOD00p7KZ,Adelaide Red Blue Eagles Football Club All Age Men (Sat) Division Two,Adelaide Red Blue Eagles Football Club,Sportal Saturday Division Two,SEN,SAASL,18,18,1.61,2.78,2.22,0.56,4,10,30,26,8,50,40,,,,
pmvzZZQ5mv,Monarchs Sports Club All Age Men (Sat) Division Two,Monarchs Sports Club,Sportal Saturday Division Two,SEN,SAASL,18,18,1.56,2.67,2.11,0.56,5,10,39,97,21,48,38,,,,
Pmjnvrx6mZ,Gleeson Football Club All Age Men (Sat) Division Two,Gleeson Football Club,Sportal Saturday Division Two,SEN,SAASL,18,18,1.5,2.89,2.39,0.5,6,10,37,16,9,52,43,,,,
pmvzZV28mv,Southern Breakers All Age Men (Sat) Division Two,Southern Breakers,Sportal Saturday Division Two,SEN,SAASL,17,17,1.47,1.94,1.88,0.06,7,10,32,73,15,33,32,,,,
8NOD0xkvKZ,Salisbury Sharks United All Age Men (Sat) Division Two,Salisbury Sharks United,Sportal Saturday Division Two,SEN,SAASL,18,18,1.11,1.72,2.22,-0.5,8,10,34,50,14,31,40,,,,
ld4OgA60KW,Angle Vale All Age Men (Sat) Division Two,Angle Vale,Sportal Saturday Division Two,SEN,SAASL,18,18,0.22,1.0,3.17,-2.17,9,10,30,90,12,18,57,,,,
2KpvXX0bmY,Salisbury Villa Soccer Club All Age Men (Sat) Division Two,Salisbury Villa Soccer Club,Sportal Saturday Division Two,SEN,SAASL,18,18,0.11,0.56,4.72,-4.17,10,10,27,51,10,10,85,,,,
Ome0aP2ed0,South Coast United Soccer Club All Age Men (Sat) Premier A,South Coast United Soccer Club,Sportal Saturday Premier A,SEN,SAASL,18,18,2.22,3.33,0.94,2.39,1,10,25,7,3,60,17,,,,
PmjnvqP9mZ,Modbury Jets AFC All Age Men (Sat) Premier A,Modbury Jets AFC,Sportal Saturday Premier A,SEN,SAASL,18,18,2.06,3.17,1.89,1.28,2,10,28,21,7,57,34,,,,
emA1zM5MmB,BOSA All Age Men (Sat) Premier A,BOSA,Sportal Saturday Premier A,SEN,SAASL,18,18,1.72,2.28,1.83,0.44,3,10,30,48,8,41,33,,,,
EN2OL3WlKq,Old Ignatians Soccer Club All Age Men (Sat) Premier A,Old Ignatians Soccer Club,Sportal Saturday Premier A,SEN,SAASL,18,18,1.44,2.11,2.06,0.06,4,10,33,54,13,38,37,,,,
1K3YAoJOmQ,Croydon Cougars Sports & Social Club All Age Men (Sat) Premier A,Croydon Cougars Sports & Social Club,Sportal Saturday Premier A,SEN,SAASL,18,18,1.39,2.28,2.83,-0.56,5,10,29,36,10,41,51,,,,
Ome0aajbd0,Sturt Marion Thunder Soccer Club All Age Men (Sat) Premier A,Sturt Marion Thunder Soccer Club,Sportal Saturday Premier A,SEN,SAASL,18,18,1.33,1.89,2.28,-0.39,6,10,31,29,9,34,41,,,,
pmvzZVYymv,Messinian Association Hawks All Age Men (Sat) Premier A,Messinian Association Hawks,Sportal Saturday Premier A,SEN,SAASL,18,18,1.17,1.78,2.61,-0.83,7,10,40,71,15,32,47,,,,
pN6Oybg7K0,Pitbulls Football Club All Age Men (Sat) Premier A,Pitbulls Football Club,Sportal Saturday Premier A,SEN,SAASL,18,18,1.11,1.39,1.83,-0.44,8,10,36,61,15,25,33,,,,
BdD1vwQQmb,St Peters Old Collegians Soccer Club All Age Men (Sat) Premier A,St Peters Old Collegians Soccer Club,Sportal Saturday Premier A,SEN,SAASL,18,18,1.06,1.89,2.11,-0.22,9,10,34,142,18,34,38,,,,
8NOD0VDzKZ,Adelaide Pumas Soccer Club All Age Men (Sat) Premier A,Adelaide Pumas Soccer Club,Sportal Saturday Premier A,SEN,SAASL,18,18,0.83,1.39,3.11,-1.72,10,10,30,107,16,25,56,,,,
gdMvelwpmE,Modbury Jets AFC All Age Men (Sat) Premier B,Modbury Jets AFC,Sportal Saturday Premier B,SEN,SAASL,18,18,2.61,3.06,0.94,2.11,1,10,33,81,16,55,17,,,,
Ome0aPled0,Messinian Association Hawks All Age Men (Sat) Premier B,Messinian Association Hawks,Sportal Saturday Premier B,SEN,SAASL,18,18,2.5,4.39,1.94,2.44,2,10,40,97,18,79,35,,,,
pmvzZV1ymv,BOSA All Age Men (Sat) Premier B,BOSA,Sportal Saturday Premier B,SEN,SAASL,17,17,2.35,5.0,1.88,3.12,3,10,40,106,23,85,32,,,,
8NOD0YJ7KZ,St Peters Old Collegians Soccer Club All Age Men (Sat) Premier B,St Peters Old Collegians Soccer Club,Sportal Saturday Premier B,SEN,SAASL,18,18,1.94,3.33,1.83,1.5,4,10,38,112,22,60,33,,,,
8NOD0YgWKZ,Old Ignatians Soccer Club All Age Men (Sat) Premier B,Old Ignatians Soccer Club,Sportal Saturday Premier B,SEN,SAASL,18,18,1.33,2.94,2.28,0.67,5,10,40,80,18,53,41,,,,
vmZwggnRNq,Sturt Marion Thunder Soccer Club All Age Men (Sat) Premier B,Sturt Marion Thunder Soccer Club,Sportal Saturday Premier B,SEN,SAASL,18,18,1.28,1.83,1.94,-0.11,6,10,43,168,30,33,35,,,,
2KpvX4GzmY,Pitbulls Football Club All Age Men (Sat) Premier B,Pitbulls Football Club,Sportal Saturday Premier B,SEN,SAASL,18,18,1.17,2.44,1.56,0.89,7,10,38,105,20,44,28,,,,
4KLn9kjGmq,South Coast United Soccer Club All Age Men (Sat) Premier B,South Coast United Soccer Club,Sportal Saturday Premier B,SEN,SAASL,18,18,0.67,2.67,4.17,-1.5,8,10,35,99,13,48,75,,,,
vmZwgGrBNq,Croydon Cougars Sports & Social Club All Age Men (Sat) Premier B,Croydon Cougars Sports & Social Club,Sportal Saturday Premier B,SEN,SAASL,18,18,0.39,0.83,6.83,-6.0,9,10,32,33,7,15,123,,,,
2KpvX4abmY,Adelaide Pumas Soccer Club All Age Men (Sat) Premier B,Adelaide Pumas Soccer Club,Sportal Saturday Premier B,SEN,SAASL,17,17,0.24,1.47,4.59,-3.12,10,10,42,94,23,25,78,,,,
nmYyAxP1mz,BOSA All Age Men (Sat) Premier C,BOSA,Sportal Saturday Premier C,SEN,SAASL,16,16,2.69,3.75,0.5,3.25,1,10,34,76,18,60,8,,,,
vmZwgjelNq,Modbury Jets AFC All Age Men (Sat) Premier C,Modbury Jets AFC,Sportal Saturday Premier C,SEN,SAASL,16,16,2.31,3.5,0.75,2.75,2,10,32,29,11,56,12,,,,
pmvzZY15mv,St Peters Old Collegians Soccer Club All Age Men (Sat) Premier C,St Peters Old Collegians Soccer Club,Sportal Saturday Premier C,SEN,SAASL,16,16,1.69,1.62,1.31,0.31,3,10,36,54,15,26,21,,,,
pN6OybvQK0,Sturt Marion Thunder Soccer Club All Age Men (Sat) Premier C,Sturt Marion Thunder Soccer Club,Sportal Saturday Premier C,SEN,SAASL,16,16,1.38,2.25,1.69,0.56,4,10,37,75,19,36,27,,,,
gdMvelGBmE,Old Ignatians Soccer Club All Age Men (Sat) Premier C,Old Ignatians Soccer Club,Sportal Saturday Premier C,SEN,SAASL,16,16,1.19,1.44,1.69,-0.25,5,10,39,35,14,23,27,,,,
1K3YALJOmQ,Pitbulls Football Club All Age Men (Sat) Premier C,Pitbulls Football Club,Sportal Saturday Premier C,SEN,SAASL,16,16,1.25,1.25,1.69,-0.44,6,10,45,104,26,20,27,,,,
4KLn9kV2mq,Adelaide Pumas Soccer Club All Age Men (Sat) Premier C,Adelaide Pumas Soccer Club,Sportal Saturday Premier C,SEN,SAASL,16,16,1.12,1.0,2.19,-1.19,7,10,32,40,9,16,35,,,,
pmvzZZXomv,Messinian Association Hawks All Age Men (Sat) Premier C,Messinian Association Hawks,Sportal Saturday Premier C,SEN,SAASL,16,16,0.56,1.0,2.75,-1.75,8,10,47,92,29,16,44,,,,
pmvzZVMomv,South Coast United Soccer Club All Age Men (Sat) Premier C,South Coast United Soccer Club,Sportal Saturday Premier C,SEN,SAASL,16,16,0.44,0.69,3.94,-3.25,9,10,30,54,9,11,63,,,,
nmYyAxyYmz,Southern Knights Football Club All Age Men (Sun) Division Two,Southern Knights Football Club,Sportal Sunday Division Two,SEN,SAASL,18,18,2.28,2.67,0.89,1.78,1,10,29,16,6,48,16,,,,
nmYyAPxamz,Adelaide Eagles Soccer Club All Age Men (Sun) Division Two,Adelaide Eagles Soccer Club,Sportal Sunday Division Two,SEN,SAASL,18,18,2.11,2.83,1.61,1.22,2,10,35,80,15,51,29,,,,
nmYyA643mz,Parafield Gardens Soccer Club All Age Men (Sun) Division Two,Parafield Gardens Soccer Club,Sportal Sunday Division Two,SEN,SAASL,18,18,2.11,2.06,1.44,0.61,3,10,33,22,10,37,26,,,,
Ome0a1r0d0,Elizabeth Vale Soccer Club All Age Men (Sun) Division Two,Elizabeth Vale Soccer Club,Sportal Sunday Division Two,SEN,SAASL,18,18,2.06,2.5,1.28,1.22,4,10,32,67,8,45,23,,,,
gdMvelv1mE,Salisbury Inter Soccer Club All Age Men (Sun) Division Two,Salisbury Inter Soccer Club,Sportal Sunday Division Two,SEN,SAASL,18,18,1.22,2.06,2.17,-0.11,5,10,36,57,14,37,39,,,,
emA1zMebmB,AC Unito Adelaide All Age Men (Sun) Division Two,AC Unito Adelaide,Sportal Sunday Division Two,SEN,SAASL,18,18,1.22,2.0,2.22,-0.22,6,10,36,75,15,36,40,,,,
pmvzZYz8mv,Adelaide Khukuri All Age Men (Sun) Division Two,Adelaide Khukuri,Sportal Sunday Division Two,SEN,SAASL,18,18,1.17,2.11,3.17,-1.06,7,10,37,77,17,38,57,,,,
ld4OgPbOKW,Seaford Rangers All Age Men (Sun) Division Two,Seaford Rangers,Sportal Sunday Division Two,SEN,SAASL,18,18,1.11,2.0,2.33,-0.33,8,10,30,25,10,36,42,,,,
jmaV1a33NR,Athelstone Soccer Club All Age Men (Sun) Division Two,Athelstone Soccer Club,Sportal Sunday Division Two,SEN,SAASL,18,18,1.0,2.11,2.56,-0.44,9,10,29,35,12,38,46,,,,
MNGolV3QNA,Munno Para All Age Men (Sun) Division Two,Munno Para,Sportal Sunday Division Two,SEN,SAASL,18,18,0.11,1.17,3.83,-2.67,10,10,41,89,19,21,69,,,,
Ome0azR6d0,Para Hills West Soccer Club All Age Men (Sun) Premier A,Para Hills West Soccer Club,Sportal Sunday Premier A,SEN,SAASL,16,16,2.25,3.31,1.12,2.19,1,9,29,21,7,53,18,,,,
lNb387EoKx,Para Hills East All Age Men (Sun) Premier A,Para Hills East,Sportal Sunday Premier A,SEN,SAASL,16,16,2.06,2.44,1.06,1.38,2,9,32,21,6,39,17,,,,
ld4OgEEAKW,Modbury Soccer Club All Age Men (Sun) Premier A,Modbury Soccer Club,Sportal Sunday Premier A,SEN,SAASL,16,16,1.88,2.31,1.31,1.0,3,9,24,10,2,37,21,,,,
jmaV1gX0NR,Tea Tree Gully All Age Men (Sun) Premier A,Tea Tree Gully,Sportal Sunday Premier A,SEN,SAASL,16,16,1.88,2.31,1.5,0.81,4,9,25,31,7,37,24,,,,
pN6OyoWOK0,Ingle Farm All Age Men (Sun) Premier A,Ingle Farm,Sportal Sunday Premier A,SEN,SAASL,16,16,1.5,1.81,1.75,0.06,5,9,36,73,14,29,28,,,,
nmYyAoQrmz,Savoy Soccer Club All Age Men (Sun) Premier A,Savoy Soccer Club,Sportal Sunday Premier A,SEN,SAASL,16,16,1.12,1.88,2.56,-0.69,6,9,29,68,10,30,41,,,,
jdyexR4Ad5,W A Raptors Soccer Club All Age Men (Sun) Premier A,W A Raptors Soccer Club,Sportal Sunday Premier A,SEN,SAASL,16,16,1.06,1.38,2.75,-1.38,7,9,32,42,9,22,44,,,,
BdD1vwkGmb,West Beach Football Club All Age Men (Sun) Premier A,West Beach Football Club,Sportal Sunday Premier A,SEN,SAASL,16,16,0.69,1.06,2.19,-1.12,8,9,32,14,4,17,35,,,,
Pmjnv9r3mZ,Para Hills United Soccer Club All Age Men (Sun) Premier A,Para Hills United Soccer Club,Sportal Sunday Premier A,SEN,SAASL,16,16,0.25,0.88,3.12,-2.25,9,9,32,96,17,14,50,,,,
Ome0R64jd0,Tea Tree Gully All Age Men (Sun) Premier B,Tea Tree Gully,Sportal Sunday Premier B,SEN,SAASL,16,16,2.62,4.62,1.25,3.38,1,9,35,68,18,74,20,,,,
BdD1vXO1mb,Para Hills West Soccer Club All Age Men (Sun) Premier B,Para Hills West Soccer Club,Sportal Sunday Premier B,SEN,SAASL,16,16,2.25,2.94,0.5,2.44,2,9,34,92,21,47,8,,,,
EN2OL3neKq,West Beach Football Club All Age Men (Sun) Premier B,West Beach Football Club,Sportal Sunday Premier B,SEN,SAASL,16,16,2.19,2.62,1.12,1.5,3,9,42,6,6,42,18,,,,
1K3YAobYmQ,W A Raptors Soccer Club All Age Men (Sun) Premier B,W A Raptors Soccer Club,Sportal Sunday Premier B,SEN,SAASL,16,16,1.38,2.06,1.75,0.31,4,9,37,69,18,33,28,,,,
ld4OgEP2KW,Ingle Farm All Age Men (Sun) Premier B,Ingle Farm,Sportal Sunday Premier B,SEN,SAASL,16,16,1.38,1.94,1.69,0.25,5,9,40,158,25,31,27,,,,
am1qB7vzmw,Modbury Soccer Club All Age Men (Sun) Premier B,Modbury Soccer Club,Sportal Sunday Premier B,SEN,SAASL,16,16,1.25,1.69,2.56,-0.88,6,9,35,85,21,27,41,,,,
8NOD0b0WKZ,Para Hills East All Age Men (Sun) Premier B,Para Hills East,Sportal Sunday Premier B,SEN,SAASL,16,16,1.12,1.5,2.25,-0.75,7,9,36,37,10,24,36,,,,
2KpvXoezmY,Savoy Soccer Club All Age Men (Sun) Premier B,Savoy Soccer Club,Sportal Sunday Premier B,SEN,SAASL,16,16,0.5,0.75,4.25,-3.5,8,9,39,65,17,12,68,,,,
lNb38vL3Kx,Para Hills United Soccer Club All Age Men (Sun) Premier B,Para Hills United Soccer Club,Sportal Sunday Premier B,SEN,SAASL,16,16,0.25,0.44,3.19,-2.75,9,9,39,152,24,7,51,,,,
4KLn9o9Gmq,Tea Tree Gully All Age Men (Sun) Premier C 1,Tea Tree Gully,Sportal Sunday Premier C,SEN,SAASL,18,18,2.56,5.44,0.72,4.72,1,10,39,79,21,98,13,,,,
jdyex96Ed5,Para Hills West Soccer Club All Age Men (Sun) Premier C,Para Hills West Soccer Club,Sportal Sunday Premier C,SEN,SAASL,18,18,2.33,3.78,1.17,2.61,2,10,33,51,11,68,21,,,,
Pmjnvl1ZmZ,West Beach Football Club All Age Men (Sun) Premier C,West Beach Football Club,Sportal Sunday Premier C,SEN,SAASL,18,18,1.94,2.78,1.94,0.83,3,10,36,22,10,50,35,,,,
ld4OgQ40KW,Ingle Farm All Age Men (Sun) Premier C,Ingle Farm,Sportal Sunday Premier C,SEN,SAASL,18,18,1.5,1.83,2.39,-0.56,4,10,51,95,29,33,43,,,,
Pmrk90npNo,W A Raptors Soccer Club All Age Men (Sun) Premier C,W A Raptors Soccer Club,Sportal Sunday Premier C,SEN,SAASL,18,18,1.44,2.61,2.28,0.33,5,10,52,97,29,47,41,,,,
pN6OWJBDK0,Modbury Soccer Club All Age Men (Sun) Premier C,Modbury Soccer Club,Sportal Sunday Premier C,SEN,SAASL,18,18,1.39,2.72,2.06,0.67,6,10,36,22,9,49,37,,,,
jmaV1nWMNR,Para Hills East All Age Men (Sun) Premier C,Para Hills East,Sportal Sunday Premier C,SEN,SAASL,18,18,1.39,1.33,2.06,-0.72,7,10,28,27,6,24,37,,,,
8NOD8lPzKZ,Savoy Soccer Club All Age Men (Sun) Premier C,Savoy Soccer Club,Sportal Sunday Premier C,SEN,SAASL,18,18,0.83,0.83,2.33,-1.5,8,10,30,0,0,15,42,,,,
Ome0aVnPd0,Tea Tree Gully All Age Men (Sun) Premier C 2 - Under 18's,Tea Tree Gully,Sportal Sunday Premier C,SEN,SAASL,18,18,0.67,1.17,4.11,-2.94,9,10,22,7,4,21,74,,,,
nmYyQ3aYmz,Para Hills United Soccer Club All Age Men (Sun) Premier C,Para Hills United Soccer Club,Sportal Sunday Premier C,SEN,SAASL,18,18,0.28,0.78,4.22,-3.44,10,10,39,22,15,14,76,,,,
am1qB54Xmw,Noarlunga United Soccer Club All Age Men (Sun) Division Seven,Noarlunga United Soccer Club,Sunday Division Seven,SEN,SAASL,16,16,2.81,4.19,0.44,3.75,1,9,23,0,0,67,7,,,,
2KpvXexbmY,FK Beograd All Age Men (Sun) Division Seven,FK Beograd,Sunday Division Seven,SEN,SAASL,16,16,2.38,4.75,1.31,3.44,2,9,24,0,0,76,21,,,,
OmeXnDOjd0,Royal Adelaide FC All Age Men (Sun) Division Seven,Royal Adelaide FC,Sunday Division Seven,SEN,SAASL,16,16,2.12,5.25,1.56,3.69,3,9,31,0,0,84,25,,,,
emAexpL8mB,Shaheed Bhagat Singh Football Club All Age Men (Sun) Division Seven,Shaheed Bhagat Singh Football Club,Sunday Division Seven,SEN,SAASL,16,16,1.75,3.0,2.5,0.5,4,9,20,0,0,48,40,,,,
nmYykBaamz,W A Raptors Soccer Club All Age Men (Sun) Division Seven,W A Raptors Soccer Club,Sunday Division Seven,SEN,SAASL,16,16,1.5,2.06,2.5,-0.44,5,9,42,104,23,33,40,,,,
emAexLgxmB,Greenacres United All Age Men (Sun) Division Seven,Greenacres United,Sunday Division Seven,SEN,SAASL,16,16,1.19,1.62,3.12,-1.5,6,9,37,67,20,26,50,,,,
nmYykBBDmz,Salisbury Inter Soccer Club All Age Men (Sun) Division Seven,Salisbury Inter Soccer Club,Sunday Division Seven,SEN,SAASL,16,16,0.5,1.88,5.56,-3.69,7,9,50,147,34,30,89,,,,
Pmjnvlk9mZ,Tea Tree Gully All Age Men (Sun) Division Seven,Tea Tree Gully,Sunday Division Seven,SEN,SAASL,16,16,0.44,1.44,4.25,-2.81,8,9,40,59,22,23,68,,,,
Pmjnvq2QmZ,Ingle Farm All Age Men (Sun) Division Six,Ingle Farm,Sunday Division Seven,SEN,SAASL,16,16,0.19,0.5,3.44,-2.94,9,9,37,115,26,8,55,,,,
pmvzZxELmv,Para Hills West Soccer Club All Age Men (Sun) Division Six,Para Hills West Soccer Club,Sunday Division Six,SEN,SAASL,17,17,2.71,2.88,0.65,2.24,1,10,29,28,6,49,11,,,,
emA1z0b9mB,Tea Tree Gully All Age Men (Sun) Division Six,Tea Tree Gully,Sunday Division Six,SEN,SAASL,17,17,2.41,3.65,0.94,2.71,2,10,34,75,17,62,16,,,,
bd9XPrqeK4,Elizabeth Vale Soccer Club All Age Men (Sun) Division Six,Elizabeth Vale Soccer Club,Sunday Division Six,SEN,SAASL,17,17,1.94,2.41,1.94,0.47,3,10,28,77,11,41,33,,,,
nmYyA5Wbmz,Seaford Rangers All Age Men (Sun) Division Six,Seaford Rangers,Sunday Division Six,SEN,SAASL,17,17,1.59,2.24,2.0,0.24,4,10,26,28,7,38,34,,,,
8NOD0xJ1KZ,Salisbury Inter Soccer Club All Age Men (Sun) Division Six,Salisbury Inter Soccer Club,Sunday Division Six,SEN,SAASL,18,18,1.39,1.78,2.11,-0.33,5,10,47,132,31,32,38,,,,
2KpvXeVWmY,Adelaide Khukuri All Age Men (Sun) Division Six,Adelaide Khukuri,Sunday Division Six,SEN,SAASL,16,16,1.25,1.62,2.69,-1.06,6,10,34,59,14,26,43,,,,
8NOXX0gWKZ,Athelstone Soccer Club All Age Men (Sun) Division Six,Athelstone Soccer Club,Sunday Division Six,SEN,SAASL,16,16,0.81,1.31,2.5,-1.19,7,10,32,25,8,21,40,,,,
pmvzb6G5mv,Parafield Gardens Soccer Club All Age Men (Sun) Division Six,Parafield Gardens Soccer Club,Sunday Division Six,SEN,SAASL,17,17,0.88,1.41,2.94,-1.53,8,10,30,22,5,24,50,,,,
nmYyA6vzmz,Munno Para All Age Men (Sun) Division Six,Munno Para,Sunday Division Six,SEN,SAASL,17,17,0.65,1.12,2.0,-0.88,9,10,30,33,7,19,34,,,,
MNGolnXzNA,Adelaide Eagles Soccer Club All Age Men (Sun) Division Six,Adelaide Eagles Soccer Club,Sunday Division Six,SEN,SAASL,8,8,0.38,0.75,2.38,-1.62,10,10,26,30,16,6,19,,,,
ld44GWwedW,Greenacres United All Age Men (Sun) Division Three,Greenacres United,Sunday Division Three,SEN,SAASL,20,20,2.75,4.15,0.7,3.45,1,6,33,102,17,83,14,,,,
bd9XPlpeK4,Andrews Farm Soccer & Community Club All Age Men (Sun) Division Three,Andrews Farm Soccer & Community Club,Sunday Division Three,SEN,SAASL,20,20,2.15,3.35,2.0,1.35,2,6,32,72,12,67,40,,,,
nmYyA69pmz,Macedonia United Lions Socer Club All Age Men (Sun) Division Three,Macedonia United Lions Socer Club,Sunday Division Three,SEN,SAASL,20,20,2.1,3.45,1.55,1.9,3,6,33,103,14,69,31,,,,
Pmrk9jlLNo,Elizabeth Downs Soccer Club All Age Men (Sun) Division Three,Elizabeth Downs Soccer Club,Sunday Division Three,SEN,SAASL,20,20,0.95,1.45,3.85,-2.4,4,6,29,75,11,29,77,,,,
EN2OL6YlKq,Virginia United All Age Men (Sun) Division Three,Virginia United,Sunday Division Three,SEN,SAASL,20,20,0.55,1.45,3.0,-1.55,5,6,22,0,0,29,60,,,,
jdyexPePd5,Westwood Football Club All Age Men (Sun) Division Three,Westwood Football Club,Sunday Division Three,SEN,SAASL,20,20,0.25,0.75,3.5,-2.75,6,6,44,107,19,15,70,,,,
emA12Z7QmB,Adelaide Olympic Men's Reserves SL1,Adelaide Olympic,HPG Homes State League 1 Reserves,RES,SL1,25,22,2.14,2.95,1.45,1.5,1,12,38,119,21,71,35,,,,
Ome0kLe7d0,Cumberland United Men's Reserves SL1,Cumberland United,HPG Homes State League 1 Reserves,RES,SL1,25,22,1.91,2.86,1.5,1.36,2,12,37,94,23,71,38,,,,
nmYyq183mz,Modbury Jets Men's Reserves SL1,Modbury Jets,HPG Homes State League 1 Reserves,RES,SL1,25,22,1.91,2.23,1.32,0.91,3,12,40,182,26,56,35,,,,
ld4Oa6j0KW,Cove FC Men's Reserves SL1,Cove FC,HPG Homes State League 1 Reserves,RES,SL1,25,22,1.73,1.5,1.18,0.32,4,12,24,138,12,36,31,,,,
EN2OabYBKq,Adelaide Blue Eagles Men's Reserves SL1,Adelaide Blue Eagles,HPG Homes State League 1 Reserves,RES,SL1,23,22,1.68,1.95,1.59,0.36,5,12,37,133,23,44,37,,,,
1K3YaOqGmQ,Adelaide Croatia Raiders Men's Reserves SL1,Adelaide Croatia Raiders,HPG Homes State League 1 Reserves,RES,SL1,23,22,1.68,2.23,1.91,0.32,6,12,40,165,29,49,46,,,,
PmrkxoAjNo,South Adelaide Men's Reserves SL1,South Adelaide,HPG Homes State League 1 Reserves,RES,SL1,22,22,1.32,1.64,1.45,0.18,7,12,35,147,25,36,32,,,,
8NODqEZ1KZ,Adelaide Cobras FC Men's Reserves SL1,Adelaide Cobras FC,HPG Homes State League 1 Reserves,RES,SL1,22,22,1.32,1.45,1.73,-0.27,8,12,39,91,25,32,38,,,,
pN6OaoWbK0,Adelaide Atletico VSC Men's Reserves SL1,Adelaide Atletico VSC,HPG Homes State League 1 Reserves,RES,SL1,22,22,1.18,1.95,2.14,-0.18,9,12,40,75,23,43,47,,,,
ld4OaEkrKW,Eastern United Men's Reserves SL1,Eastern United,HPG Homes State League 1 Reserves,RES,SL1,22,22,0.86,1.77,3.0,-1.23,10,12,34,79,20,39,66,,,,
4KLnq5e7mq,Fulham United Men's Reserves SL1,Fulham United,HPG Homes State League 1 Reserves,RES,SL1,22,22,0.82,1.5,2.41,-0.91,11,12,41,59,20,33,53,,,,
pN6OaE2nK0,Salisbury United Men's Reserves SL1,Salisbury United,HPG Homes State League 1 Reserves,RES,SL1,22,22,0.27,0.91,3.27,-2.36,12,12,37,131,26,20,72,,,,
jdyeg5X3d5,Adelaide Croatia Raiders Senior Men's SL1,Adelaide Croatia Raiders,HPG Homes State League 1,SEN,SL1,25,22,2.14,2.55,1.18,1.36,1,12,26,2,2,67,27,,,,
bd9Xa4GeK4,Modbury Jets Senior Men's SL1,Modbury Jets,HPG Homes State League 1,SEN,SL1,25,22,2.0,2.09,0.91,1.18,2,12,24,4,1,57,24,,,,
gdMvq09OmE,Adelaide Olympic Senior Men's SL1,Adelaide Olympic,HPG Homes State League 1,SEN,SL1,25,22,1.95,1.91,1.14,0.77,3,12,25,12,4,45,36,,,,
vmZwqYXGNq,Fulham United Senior Men's SL1,Fulham United,HPG Homes State League 1,SEN,SL1,23,22,1.68,1.91,1.41,0.5,4,12,30,30,8,44,34,,,,
jmaVQk4VNR,Adelaide Blue Eagles Senior Men's SL1,Adelaide Blue Eagles,HPG Homes State League 1,SEN,SL1,25,22,1.64,1.64,1.32,0.32,5,12,26,17,3,39,38,,,,
Ome0kzBPd0,Adelaide Atletico VSC Senior Men's SL1,Adelaide Atletico VSC,HPG Homes State League 1,SEN,SL1,23,22,1.64,1.82,1.55,0.27,6,12,26,12,4,41,37,,,,
nmYyqOLpmz,Cumberland United Senior Men's SL1,Cumberland United,HPG Homes State League 1,SEN,SL1,22,22,1.55,1.64,1.27,0.36,7,12,28,20,4,36,28,,,,
nmYyqOv3mz,Cove FC Senior Men's SL1,Cove FC,HPG Homes State League 1,SEN,SL1,22,22,1.18,1.32,1.64,-0.32,8,12,26,14,5,29,36,,,,
am1qaeWrmw,Eastern United Senior Men's SL1,Eastern United,HPG Homes State League 1,SEN,SL1,22,22,1.0,1.14,2.0,-0.86,9,12,27,12,3,25,44,,,,
pmvzBJg6mv,Adelaide Cobras FC Senior Men's SL1,Adelaide Cobras FC,HPG Homes State League 1,SEN,SL1,22,22,0.91,1.0,2.05,-1.05,10,12,26,12,3,22,45,,,,
gdMvq0WZmE,Salisbury United Senior Men's SL1,Salisbury United,HPG Homes State League 1,SEN,SL1,22,22,0.77,1.27,2.18,-0.91,11,12,25,2,1,28,48,,,,
lNb3nlRgKx,South Adelaide Senior Men's SL1,South Adelaide,HPG Homes State League 1,SEN,SL1,22,22,0.68,1.18,2.82,-1.64,12,12,30,26,6,26,62,,,,
Ome0kLk0d0,Adelaide Olympic Under 18's SL1,Adelaide Olympic,HPG Homes State League 1 Under 18's,U18,SL1,25,22,2.77,3.86,1.05,2.82,1,12,26,51,9,92,26,,,,
4KLnq5q0mq,South Adelaide Under 18's SL1,South Adelaide,HPG Homes State League 1 Under 18's,U18,SL1,24,22,2.14,3.77,1.55,2.23,2,12,22,29,6,84,37,,,,
bd9Xa658K4,Fulham United Under 18's SL1,Fulham United,HPG Homes State League 1 Under 18's,U18,SL1,26,22,1.86,2.41,1.73,0.68,3,12,28,89,11,59,45,,,,
BdD1qZqwmb,Cumberland United Under 18's SL1,Cumberland United,HPG Homes State League 1 Under 18's,U18,SL1,25,22,1.77,2.59,1.95,0.64,4,12,38,139,22,62,47,,,,
pN6OaEaAK0,Adelaide Blue Eagles Under 18's SL1,Adelaide Blue Eagles,HPG Homes State League 1 Under 18's,U18,SL1,23,22,1.73,2.5,1.86,0.64,5,12,27,35,8,57,44,,,,
8NODqeQ2KZ,Adelaide Croatia Raiders Under 18's SL1,Adelaide Croatia Raiders,HPG Homes State League 1 Under 18's,U18,SL1,23,22,1.64,2.14,1.73,0.41,6,12,39,127,24,48,40,,,,
ld4OaGVAKW,Modbury Jets Under 18's SL1,Modbury Jets,HPG Homes State League 1 Under 18's,U18,SL1,22,22,1.59,1.64,1.59,0.05,7,12,35,136,18,36,35,,,,
2Kpv3r39mY,Adelaide Cobras FC Under 18's SL1,Adelaide Cobras FC,HPG Homes State League 1 Under 18's,U18,SL1,22,22,1.0,2.05,3.09,-1.05,8,12,31,55,12,45,68,,,,
1K3Ya6vRmQ,Adelaide Atletico VSC Under 18's SL1,Adelaide Atletico VSC,HPG Homes State League 1 Under 18's,U18,SL1,22,22,0.95,1.77,2.77,-1.0,9,12,24,12,5,39,61,,,,
lNb3nvaDKx,Eastern United Under 18's SL1,Eastern United,HPG Homes State League 1 Under 18's,U18,SL1,22,22,0.77,1.59,4.09,-2.5,10,12,31,57,8,35,90,,,,
ld4Oa6wAKW,Cove FC Under 18's SL1,Cove FC,HPG Homes State League 1 Under 18's,U18,SL1,22,22,0.68,1.23,2.23,-1.0,11,12,27,37,10,27,49,,,,
1K3YarwOmQ,Salisbury United Under 18's SL1,Salisbury United,HPG Homes State League 1 Under 18's,U18,SL1,22,22,0.36,1.32,3.23,-1.91,12,12,37,72,18,29,71,,,,
vmZwqYkRNq,Pontian Eagles Men's Reserves SL2,Pontian Eagles,HPG Homes State League 2 North - Reserves,RES,SL2,21,18,2.61,3.28,0.83,2.44,1,10,35,141,20,68,16,,,,
EN2OazROKq,Port Adelaide Men's Reserves SL2,Port Adelaide,HPG Homes State League 2 North - Reserves,RES,SL2,22,18,2.28,3.78,1.22,2.56,2,10,34,74,16,78,27,,,,
emA126jgmB,Modbury Vista Men's Reserves SL2,Modbury Vista,HPG Homes State League 2 North - Reserves,RES,SL2,21,18,1.67,3.11,1.61,1.5,3,10,37,164,27,57,36,,,,
Ome0kzEGd0,Elizabeth Grove Men's Reserves SL2,Elizabeth Grove,HPG Homes State League 2 North - Reserves,RES,SL2,18,18,1.67,2.22,2.11,0.11,4,10,39,142,27,40,38,,,,
lNbj0pqyNx,Elizabeth Downs Soccer Club Men's Reserves SL2,Elizabeth Downs Soccer Club,HPG Homes State League 2 North - Reserves,RES,SL2,18,18,1.33,2.33,1.94,0.39,5,10,37,165,26,42,35,,,,
PmjnVGxQmZ,Gawler Eagles Men's Reserves SL2,Gawler Eagles,HPG Homes State League 2 North - Reserves,RES,SL2,18,18,1.22,1.61,2.39,-0.78,6,10,34,67,19,29,43,,,,
PmrkxOe5No,Northern Demons Men's Reserves SL2,Northern Demons,HPG Homes State League 2 North - Reserves,RES,SL2,18,18,1.17,1.72,1.89,-0.17,7,10,40,109,29,31,34,,,,
4KLnq4B2mq,Salisbury Inter Men's Reserves SL2,Salisbury Inter,HPG Homes State League 2 North - Reserves,RES,SL2,18,18,1.17,1.39,2.0,-0.61,8,10,31,120,22,25,36,,,,
MNGxQvVXKA,Angle Vale Men's Reserves SL2,Angle Vale,HPG Homes State League 2 North - Reserves,RES,SL2,18,18,1.11,1.61,2.89,-1.28,9,10,36,114,24,29,52,,,,
2KpvY62WmY,Barossa United Men's Reserves SL2,Barossa United,HPG Homes State League 2 North - Reserves,RES,SL2,18,18,0.11,1.0,5.17,-4.17,10,10,29,127,18,18,93,,,,
BdD1qZrxmb,Vipers FC Men's Reserves SL2,Vipers FC,HPG Homes State League 2 South - Reserves,RES,SL2,20,18,2.56,3.89,1.0,2.89,1,10,40,80,22,71,21,,,,
2Kpv3ozqmY,Western Strikers Men's Reserves SL2,Western Strikers,HPG Homes State League 2 South - Reserves,RES,SL2,19,18,2.5,2.83,0.83,2.0,2,10,31,70,16,51,16,,,,
1K3Ya6lYmQ,Noarlunga United Men's Reserves SL2,Noarlunga United,HPG Homes State League 2 South - Reserves,RES,SL2,19,18,2.22,2.56,1.61,0.94,3,10,30,59,14,48,35,,,,
bd9XawzRK4,Mount Barker United Men's Reserves SL2,Mount Barker United,HPG Homes State League 2 South - Reserves,RES,SL2,18,18,1.83,2.72,2.28,0.44,4,10,43,114,29,49,41,,,,
BdD1qXkgmb,Adelaide Hills Hawks Men's Reserves SL2,Adelaide Hills Hawks,HPG Homes State League 2 South - Reserves,RES,SL2,18,18,1.5,2.22,2.39,-0.17,5,10,43,125,30,40,43,,,,
MNGoqzQENA,Adelaide University Men's Reserves SL2,Adelaide University,HPG Homes State League 2 South - Reserves,RES,SL2,18,18,1.17,1.89,2.28,-0.39,6,10,33,106,18,34,41,,,,
EN2nvPa3Nq,Plympton FC Men's Reserves SL2,Plympton FC,HPG Homes State League 2 South - Reserves,RES,SL2,18,18,1.17,1.22,2.39,-1.17,7,10,41,140,31,22,43,,,,
am1qa7lAmw,Adelaide Titans Football Club Men's Reserves SL2,Adelaide Titans Football Club,HPG Homes State League 2 South - Reserves,RES,SL2,18,18,0.72,1.22,2.28,-1.06,8,10,33,61,17,22,41,,,,
jdyegzo6d5,Seaford Rangers Men's Reserves SL2,Seaford Rangers,HPG Homes State League 2 South - Reserves,RES,SL2,18,18,0.56,1.56,3.89,-2.33,9,10,32,65,16,28,70,,,,
8NODqO6BKZ,Ghan United Men's Reserves SL2,Ghan United,HPG Homes State League 2 South - Reserves,RES,SL2,18,18,0.44,1.11,2.28,-1.17,10,10,42,70,16,20,41,,,,
8NODqEqkKZ,Pontian Eagles Senior Men's SL2,Pontian Eagles,HPG Homes State League 2 North,SEN,SL2,19,18,2.28,2.83,1.06,1.78,1,10,26,20,3,52,19,,,,
8NODqOo2KZ,Salisbury Inter Senior Men's SL2,Salisbury Inter,HPG Homes State League 2 North,SEN,SL2,20,18,2.17,1.94,1.11,0.83,2,10,22,1,1,38,26,,,,
lNb3n7JgKx,Modbury Vista Senior Men's SL2,Modbury Vista,HPG Homes State League 2 North,SEN,SL2,22,18,2.11,3.56,1.17,2.39,3,10,24,11,2,74,24,,,,
vmZ9lvE2dq,Elizabeth Downs Soccer Club Senior Men's SL2,Elizabeth Downs Soccer Club,HPG Homes State League 2 North,SEN,SL2,21,18,1.72,2.28,1.72,0.56,4,10,25,34,5,48,42,,,,
gdMvqkyOmE,Northern Demons Senior Men's SL2,Northern Demons,HPG Homes State League 2 North,SEN,SL2,18,18,1.61,1.89,1.5,0.39,5,10,30,28,7,34,27,,,,
jmaVQgyVNR,Port Adelaide Senior Men's SL2,Port Adelaide,HPG Homes State League 2 North,SEN,SL2,18,18,1.22,1.17,1.94,-0.78,6,10,27,29,5,21,35,,,,
am1QPnyqmw,Angle Vale Senior Men's SL2,Angle Vale,HPG Homes State League 2 North,SEN,SL2,18,18,0.94,1.22,2.44,-1.22,7,10,35,7,4,22,44,,,,
vmZwqxpRNq,Gawler Eagles Senior Men's SL2,Gawler Eagles,HPG Homes State League 2 North,SEN,SL2,18,18,0.89,1.28,2.11,-0.83,8,10,30,10,4,23,38,,,,
nmYyqoVpmz,Elizabeth Grove Senior Men's SL2,Elizabeth Grove,HPG Homes State League 2 North,SEN,SL2,18,18,0.78,1.0,1.94,-0.94,9,10,30,93,14,18,35,,,,
pN6OWJnnK0,Barossa United Senior Men's SL2,Barossa United,HPG Homes State League 2 North,SEN,SL2,18,18,0.33,1.11,3.28,-2.17,10,10,24,7,2,20,59,,,,
lNb3nlepKx,Vipers FC Senior Men's SL2,Vipers FC,HPG Homes State League 2 South,SEN,SL2,20,18,2.22,1.94,1.06,0.89,1,10,30,29,8,35,22,,,,
pmvzB9X6mv,Ghan United Senior Men's SL2,Ghan United,HPG Homes State League 2 South,SEN,SL2,20,18,2.17,2.44,1.5,0.94,2,10,27,22,2,49,32,,,,
pmvzB9Prmv,Seaford Rangers Senior Men's SL2,Seaford Rangers,HPG Homes State League 2 South,SEN,SL2,20,18,2.11,2.78,1.44,1.33,3,10,22,0,0,52,29,,,,
bd9XabEDK4,Western Strikers Senior Men's SL2,Western Strikers,HPG Homes State League 2 South,SEN,SL2,22,18,2.0,3.28,2.06,1.22,4,10,26,28,3,72,47,,,,
jdyeg09Ad5,Adelaide University Senior Men's SL2,Adelaide University,HPG Homes State League 2 South,SEN,SL2,18,18,1.83,2.61,1.22,1.39,5,10,28,8,1,47,22,,,,
ld4OaZlpKW,Noarlunga United Senior Men's SL2,Noarlunga United,HPG Homes State League 2 South,SEN,SL2,18,18,1.5,1.83,1.22,0.61,6,10,25,4,3,33,22,,,,
nmYyqoQrmz,Adelaide Titans Football Club Senior Men's SL2,Adelaide Titans Football Club,HPG Homes State League 2 South,SEN,SL2,18,18,1.06,1.5,2.0,-0.5,7,10,26,11,4,27,36,,,,
1K3Ya0L3mQ,Adelaide Hills Hawks Senior Men's SL2,Adelaide Hills Hawks,HPG Homes State League 2 South,SEN,SL2,18,18,0.67,1.78,2.67,-0.89,8,10,28,24,7,32,48,,,,
MNGoqGnbNA,Mount Barker United Senior Men's SL2,Mount Barker United,HPG Homes State League 2 South,SEN,SL2,18,18,0.61,1.17,3.33,-2.17,9,10,31,17,4,21,60,,,,
Pmrq5JxRdo,Plympton FC Senior Men's SL2,Plympton FC,HPG Homes State League 2 South,SEN,SL2,18,18,0.5,1.11,3.94,-2.83,10,10,34,34,10,20,71,,,,
Ome0kl07d0,Modbury Vista Under 18's SL2,Modbury Vista,HPG Homes State League 2 North - Under 18's,U18,SL2,20,18,2.89,6.78,0.72,6.06,1,10,22,66,9,126,17,,,,
bd9XawWeK4,Salisbury Inter Under 18's SL2,Salisbury Inter,HPG Homes State League 2 North - Under 18's,U18,SL2,21,18,2.44,4.44,1.33,3.11,2,10,29,27,11,82,27,,,,
pN6OaMOnK0,Port Adelaide Under 18's SL2,Port Adelaide,HPG Homes State League 2 North - Under 18's,U18,SL2,19,18,2.06,3.11,1.67,1.44,3,10,28,92,14,57,32,,,,
gdMEOX7bdE,Elizabeth Downs Soccer Club Under 18's SL2,Elizabeth Downs Soccer Club,HPG Homes State League 2 North - Under 18's,U18,SL2,18,18,2.0,3.78,1.33,2.44,4,10,21,15,5,68,24,,,,
2Kpv3ovWmY,Elizabeth Grove Under 18's SL2,Elizabeth Grove,HPG Homes State League 2 North - Under 18's,U18,SL2,18,18,1.5,2.83,3.06,-0.22,5,10,29,40,13,51,55,,,,
pmvzBJe5mv,Pontian Eagles Under 18's SL2,Pontian Eagles,HPG Homes State League 2 North - Under 18's,U18,SL2,18,18,1.17,2.44,2.5,-0.06,6,10,21,58,5,44,45,,,,
4KLnqon7mq,Northern Demons Under 18's SL2,Northern Demons,HPG Homes State League 2 North - Under 18's,U18,SL2,18,18,1.17,2.67,3.0,-0.33,7,10,22,27,6,48,54,,,,
8NODqbD1KZ,Gawler Eagles Under 18's SL2,Gawler Eagles,HPG Homes State League 2 North - Under 18's,U18,SL2,18,18,0.56,1.28,4.5,-3.22,8,10,23,75,11,23,81,,,,
BdD1lzexmb,Barossa United Under 18's SL2,Barossa United,HPG Homes State League 2 North - Under 18's,U18,SL2,18,18,0.5,2.17,5.11,-2.94,9,10,27,54,11,39,92,,,,
ld44kpP2dW,Angle Vale Under 18's SL2,Angle Vale,HPG Homes State League 2 North - Under 18's,U18,SL2,18,18,0.28,0.89,7.17,-6.28,10,10,32,46,13,16,129,,,,
am1qagw6mw,Vipers FC Under 18's SL2,Vipers FC,HPG Homes State League 2 South - Under 18's,U18,SL2,21,18,2.67,4.56,1.17,3.39,1,10,30,76,16,87,24,,,,
ld4OaEYxKW,Adelaide Hills Hawks Under 18's SL2,Adelaide Hills Hawks,HPG Homes State League 2 South - Under 18's,U18,SL2,22,18,2.28,3.72,1.28,2.44,2,10,20,3,1,75,31,,,,
MNGoqzW2NA,Western Strikers Under 18's SL2,Western Strikers,HPG Homes State League 2 South - Under 18's,U18,SL2,19,18,2.11,3.33,1.5,1.83,3,10,33,74,18,61,28,,,,
pmvzBL0Lmv,Seaford Rangers Under 18's SL2,Seaford Rangers,HPG Homes State League 2 South - Under 18's,U18,SL2,18,18,2.0,3.28,1.39,1.89,4,10,20,36,4,59,25,,,,
8NOXko2aKZ,Plympton FC Under 18's SL2,Plympton FC,HPG Homes State League 2 South - Under 18's,U18,SL2,18,18,1.89,2.72,1.22,1.5,5,10,26,19,6,49,22,,,,
vmZwqMJJNq,Adelaide University Under 18's SL2,Adelaide University,HPG Homes State League 2 South - Under 18's,U18,SL2,18,18,1.5,2.44,2.06,0.39,6,10,26,28,10,44,37,,,,
jmaVQnpYNR,Noarlunga United Under 18's SL2,Noarlunga United,HPG Homes State League 2 South - Under 18's,U18,SL2,18,18,0.72,1.22,2.89,-1.67,7,10,30,70,14,22,52,,,,
nmYyqPJbmz,Adelaide Titans Football Club Under 18's SL2,Adelaide Titans Football Club,HPG Homes State League 2 South - Under 18's,U18,SL2,18,18,0.61,1.33,3.89,-2.56,8,10,31,43,13,24,70,,,,
BdD1qX9xmb,Ghan United Under 18's SL2,Ghan United,HPG Homes State League 2 South - Under 18's,U18,SL2,18,18,0.5,1.44,4.61,-3.17,9,10,26,116,12,26,83,,,,
gdMvqxbQmE,Mount Barker United Under 18's SL2,Mount Barker United,HPG Homes State League 2 South - Under 18's,U18,SL2,18,18,0.33,1.28,5.33,-4.06,10,10,23,45,10,23,96,,,,
